0.833666447,-2000
1.03966102,-1999
1.13265469,-1998
1.14999803,-1997
1.152370296,-1996
1.17122224,-1995
1.190520035,-1994
1.193368998,-1993
1.178810126,-1992
1.10941153,-1991
1.011746234,-1990
0.942511677,-1989
0.859687065,-1988
0.791592373,-1987
0.757037486,-1986
0.78577948,-1985
0.806650374,-1984
0.807655643,-1983
0.759569586,-1982
0.667603617,-1981
0.584254638,-1980
0.549872203,-1979
0.648185245,-1978
0.815616474,-1977
0.960762143,-1976
1.055626146,-1975
1.05701838,-1974
0.998573988,-1973
0.970059126,-1972
0.963852257,-1971
0.960176086,-1970
0.899635632,-1969
0.833583726,-1968
0.75656079,-1967
0.727172451,-1966
0.715859322,-1965
0.700320418,-1964
0.703873209,-1963
0.749295374,-1962
0.75135919,-1961
0.6819648,-1960
0.581862743,-1959
0.541499169,-1958
0.543061051,-1957
0.556456223,-1956
0.554950422,-1955
0.46292697,-1954
0.347679985,-1953
0.281576203,-1952
0.252025227,-1951
0.223450077,-1950
-0.213491326,-1949
-0.225125525,-1948
-0.250366604,-1947
-0.296934242,-1946
-0.381950257,-1945
-0.493155135,-1944
-0.560968015,-1943
-0.562131715,-1942
-0.622407182,-1941
-0.736998007,-1940
-0.891712656,-1939
-1.040332601,-1938
-1.142644285,-1937
-1.158113086,-1936
-1.164821889,-1935
-1.201606033,-1934
-1.196704471,-1933
-1.166223937,-1932
-1.123963391,-1931
-1.066344806,-1930
-1.105495609,-1929
-1.110592055,-1928
-1.100633304,-1927
-0.951603962,-1926
-0.776643732,-1925
-0.62172859,-1924
-0.611493636,-1923
-0.709405693,-1922
-0.74772508,-1921
-0.809047877,-1920
-0.887918713,-1919
-0.913346265,-1918
-0.88425516,-1917
-0.945765832,-1916
-1.045517376,-1915
-1.013836688,-1914
-0.82496253,-1913
-0.652575059,-1912
-0.635624293,-1911
-0.674468046,-1910
-0.772311402,-1909
-0.776527362,-1908
-0.755286328,-1907
-0.749616444,-1906
-0.818063049,-1905
-0.867482454,-1904
-0.901567655,-1903
-0.947860492,-1902
-0.974704113,-1901
-0.973740905,-1900
-1.004252285,-1899
-1.053579155,-1898
-1.158568752,-1897
-1.304680432,-1896
-1.418943178,-1895
-1.429388439,-1894
-1.352760881,-1893
-1.237792904,-1892
-1.142663914,-1891
-1.152618458,-1890
-1.239394044,-1889
-1.305258076,-1888
-1.308571116,-1887
-1.254381942,-1886
-1.281657394,-1885
-1.296126534,-1884
-1.206601532,-1883
-1.061799365,-1882
-0.897318046,-1881
-0.755531686,-1880
-0.702401058,-1879
-0.775796895,-1878
-0.829587888,-1877
-0.848608077,-1876
-0.838650729,-1875
-0.88257831,-1874
-0.923314829,-1873
-1.005376728,-1872
-1.059877157,-1871
-0.945039571,-1870
-0.881875884,-1869
-1.051051261,-1868
-1.245466316,-1867
-1.320088945,-1866
-1.253057006,-1865
-1.106969162,-1864
-0.953904723,-1863
-0.878966633,-1862
-1.032047896,-1861
-1.229829269,-1860
-1.266862978,-1859
-1.185671752,-1858
-1.11015742,-1857
-1.085397243,-1856
-1.112972733,-1855
-1.128637821,-1854
-1.110378943,-1853
-1.088505585,-1852
-1.074168237,-1851
-1.090981603,-1850
-1.156911531,-1849
-1.230057803,-1848
-1.293379921,-1847
-1.293705196,-1846
-1.177549685,-1845
-1.081648166,-1844
-1.111666024,-1843
-1.116465236,-1842
-1.209421051,-1841
-1.248501751,-1840
-1.200861545,-1839
-1.105391857,-1838
-1.071020638,-1837
-1.121277066,-1836
-1.158687926,-1835
-1.168317195,-1834
-1.14567271,-1833
-1.071173461,-1832
-0.946368713,-1831
-0.841376311,-1830
-0.822616902,-1829
-0.706408113,-1828
-0.517142783,-1827
-0.523102891,-1826
-0.591231231,-1825
-0.762198427,-1824
-0.837752016,-1823
-0.873099061,-1822
-0.922906833,-1821
-0.999847048,-1820
-1.101226371,-1819
-1.133483301,-1818
-1.088411648,-1817
-1.038920738,-1816
-1.055624744,-1815
-1.077293403,-1814
-0.992672766,-1813
-0.856201572,-1812
-0.805750259,-1811
-0.915878364,-1810
-0.958677296,-1809
-0.857739619,-1808
-0.764001461,-1807
-0.781827106,-1806
-0.882719917,-1805
-0.890344257,-1804
-0.858524766,-1803
-0.813353568,-1802
-0.734268219,-1801
-0.633308109,-1800
-0.538762371,-1799
-0.483347806,-1798
-0.472650176,-1797
-0.443776389,-1796
-0.521940593,-1795
-0.549120705,-1794
-0.53725657,-1793
-0.511634134,-1792
-0.522352795,-1791
-0.511226138,-1790
-0.510633072,-1789
-0.495481134,-1788
-0.516178173,-1787
-0.563268776,-1786
-0.538696474,-1785
-0.55447653,-1784
-0.529752807,-1783
-0.424101443,-1782
-0.384517408,-1781
-0.515599127,-1780
-0.612805954,-1779
-0.583727468,-1778
-0.455362918,-1777
-0.467435958,-1776
-0.540617281,-1775
-0.570816003,-1774
-0.581297718,-1773
-0.534793171,-1772
-0.46265357,-1771
0.423376584,-1770
0.40962389,-1769
0.429865264,-1768
0.43784993,-1767
0.463241028,-1766
0.552199603,-1765
0.634253089,-1764
0.706204816,-1763
0.721265621,-1762
0.755991558,-1761
0.844296778,-1760
0.905423289,-1759
0.966032443,-1758
0.932149137,-1757
0.869664042,-1756
0.909182181,-1755
0.962921297,-1754
0.985881243,-1753
0.939331831,-1752
0.930093734,-1751
0.969023012,-1750
1.055596703,-1749
1.121068161,-1748
1.144252435,-1747
1.223588751,-1746
1.280657733,-1745
1.300751892,-1744
1.370928625,-1743
1.422882934,-1742
1.412619939,-1741
1.389734302,-1740
1.347424684,-1739
1.313342288,-1738
1.307668197,-1737
1.266369457,-1736
1.225551619,-1735
1.201779887,-1734
1.16439847,-1733
1.155953932,-1732
1.155405731,-1731
1.169420608,-1730
1.213925833,-1729
1.269971319,-1728
1.293162604,-1727
1.281067131,-1726
1.281849474,-1725
1.285885972,-1724
1.323606685,-1723
1.356543608,-1722
1.360375406,-1721
1.382517958,-1720
1.363122019,-1719
1.307582672,-1718
1.23846729,-1717
1.223756997,-1716
1.282355614,-1715
1.379458688,-1714
1.54651557,-1713
1.649061397,-1712
1.644869272,-1711
1.5791833,-1710
1.474001622,-1709
1.376156864,-1708
1.326280391,-1707
1.320244572,-1706
1.290909512,-1705
1.258224957,-1704
1.158484629,-1703
1.027251488,-1702
0.991476819,-1701
1.058459686,-1700
1.15548705,-1699
1.189967628,-1698
1.182149806,-1697
1.12206642,-1696
1.031712807,-1695
0.988489054,-1694
1.058814404,-1693
1.176069122,-1692
1.245839261,-1691
1.245610727,-1690
1.266477415,-1689
1.341737976,-1688
1.374325789,-1687
1.348364057,-1686
1.264465475,-1685
1.183466329,-1684
1.118311734,-1683
1.086802096,-1682
1.071843641,-1681
1.039184323,-1680
1.036488184,-1679
0.994484213,-1678
0.925828702,-1677
0.815936141,-1676
0.728197349,-1675
0.694349094,-1674
0.784680274,-1673
0.897671362,-1672
0.947425857,-1671
0.94980934,-1670
0.934426064,-1669
0.875876519,-1668
0.825398567,-1667
0.855071521,-1666
0.935916441,-1665
1.027585176,-1664
1.090319836,-1663
1.071969825,-1662
1.031907691,-1661
0.950508962,-1660
0.892067375,-1659
0.889725954,-1658
0.885912382,-1657
0.904904531,-1656
0.956792943,-1655
0.959634896,-1654
0.927968228,-1653
0.857656898,-1652
0.820089009,-1651
0.842246983,-1650
0.874115546,-1649
0.866470175,-1648
0.812073498,-1647
0.813333939,-1646
0.84122489,-1645
0.825299021,-1644
0.858838825,-1643
0.937488138,-1642
1.014439569,-1641
1.035998869,-1640
1.005383738,-1639
0.960167674,-1638
1.001807112,-1637
1.050836748,-1636
1.007488213,-1635
0.883499456,-1634
0.79148722,-1633
0.737696227,-1632
0.758075002,-1631
0.846000267,-1630
0.996350339,-1629
1.086474017,-1628
1.063359845,-1627
1.075418864,-1626
1.092230828,-1625
1.117518174,-1624
1.135967731,-1623
1.099532696,-1622
1.007183968,-1621
0.926089483,-1620
0.956450843,-1619
0.997249053,-1618
1.005150998,-1617
1.057897464,-1616
1.110013009,-1615
1.116156785,-1614
1.121002265,-1613
1.06262377,-1612
0.962974575,-1611
0.937488138,-1610
0.900659128,-1609
0.931284073,-1608
1.022900932,-1607
1.041462652,-1606
0.997155115,-1605
0.916645285,-1604
0.844122924,-1603
0.818758465,-1602
0.838539967,-1601
0.917874881,-1600
1.037919675,-1599
1.099018145,-1598
1.042986679,-1597
0.950081337,-1596
0.907944172,-1595
0.939673931,-1594
0.984411897,-1593
0.998935717,-1592
1.048311659,-1591
1.1329351,-1590
1.181682924,-1589
1.204320399,-1588
1.192796962,-1587
1.147610341,-1586
1.114632759,-1585
1.156858253,-1584
1.224155179,-1583
1.200389055,-1582
1.171934481,-1581
1.215877484,-1580
1.359399581,-1579
1.427229285,-1578
1.365411564,-1577
1.266007728,-1576
1.214746031,-1575
1.134590919,-1574
1.045680014,-1573
1.069296119,-1572
1.122941298,-1571
1.090272166,-1570
0.934852286,-1569
0.715608355,-1568
0.57321631,-1567
0.515705683,-1566
0.485870091,-1565
0.512594537,-1564
0.515069153,-1563
0.527923134,-1562
0.531980662,-1561
0.529606994,-1560
0.562601401,-1559
0.653619585,-1558
0.745019127,-1557
0.7564991,-1556
0.706872191,-1555
0.68041834,-1554
0.703536718,-1553
0.736177809,-1552
0.790866112,-1551
0.8721681,-1550
0.898191522,-1549
0.878203919,-1548
0.924092966,-1547
0.973274023,-1546
0.995267958,-1545
1.003280665,-1544
0.979135988,-1543
0.975717794,-1542
0.984847934,-1541
0.95202738,-1540
0.965233275,-1539
1.01105222,-1538
1.050114693,-1537
1.128147104,-1536
1.160211953,-1535
1.176628539,-1534
1.211842389,-1533
1.209360763,-1532
1.216540653,-1531
1.231708014,-1530
1.221865634,-1529
1.236358609,-1528
1.256405098,-1527
1.249718729,-1526
1.25328554,-1525
1.316028612,-1524
1.365832179,-1523
1.335990979,-1522
1.272067382,-1521
1.208770501,-1520
1.152631077,-1519
1.111239801,-1518
1.050860583,-1517
0.992048855,-1516
0.928510821,-1515
0.925451551,-1514
1.014683526,-1513
1.160196531,-1512
1.215552209,-1511
1.182675574,-1510
1.152924105,-1509
1.135293345,-1508
1.152792312,-1507
1.150466314,-1506
1.116096497,-1505
1.096061224,-1504
1.084975227,-1503
1.060874013,-1502
1.047617645,-1501
1.021948941,-1500
1.051787337,-1499
1.101646985,-1498
1.091647576,-1497
1.088916385,-1496
1.058246574,-1495
0.946103726,-1494
0.877305206,-1493
0.876692511,-1492
0.929633862,-1491
0.938029328,-1490
0.84093046,-1489
0.770512574,-1488
0.800259837,-1487
0.848502924,-1486
0.912597571,-1485
0.961447744,-1484
0.967674242,-1483
0.963365747,-1482
0.922892813,-1481
0.883063419,-1480
0.884967401,-1479
0.915676469,-1478
0.927623324,-1477
0.869326148,-1476
0.786774935,-1475
0.728202957,-1474
0.664614449,-1473
0.611396895,-1472
0.579320829,-1471
0.546587203,-1470
0.523554351,-1469
0.558522842,-1468
0.600866109,-1467
0.597991909,-1466
0.618028584,-1465
0.634345625,-1464
0.615900275,-1463
0.596589861,-1462
0.606425231,-1461
0.638658326,-1460
0.694378537,-1459
0.805619869,-1458
0.87529607,-1457
0.849637181,-1456
0.797333762,-1455
0.756628088,-1454
0.732595575,-1453
0.717216505,-1452
0.722870966,-1451
0.744787789,-1450
0.778700537,-1449
0.793918372,-1448
0.73059345,-1447
0.695271642,-1446
0.726611632,-1445
0.763279406,-1444
0.815078088,-1443
0.85933515,-1442
0.874996032,-1441
0.896343622,-1440
0.909893019,-1439
0.916613038,-1438
0.896859576,-1437
0.863075816,-1436
0.866184157,-1435
0.919159158,-1434
0.968690727,-1433
0.986791173,-1432
1.010529256,-1431
1.025913934,-1430
1.019161668,-1429
0.976533786,-1428
0.92160433,-1427
0.918146879,-1426
0.970143249,-1425
1.054477868,-1424
1.108790423,-1423
1.121694877,-1422
1.192560016,-1421
1.240925081,-1420
1.296307398,-1419
1.342087086,-1418
1.294174883,-1417
1.210468381,-1416
1.101808221,-1415
1.007782643,-1414
0.967922404,-1413
0.978073235,-1412
0.911595106,-1411
0.788029768,-1410
0.80651718,-1409
0.929218856,-1408
0.981778849,-1407
0.947884327,-1406
0.893358661,-1405
0.906940305,-1404
0.993372388,-1403
1.016994102,-1402
1.005891279,-1401
1.084303646,-1400
1.085945444,-1399
1.117469103,-1398
1.129708986,-1397
1.056367829,-1396
0.977372211,-1395
0.823352978,-1394
0.85789104,-1393
0.952630261,-1392
0.95165724,-1391
0.942351844,-1390
0.893867605,-1389
0.935905225,-1388
0.990338356,-1387
0.957868314,-1386
0.908325529,-1385
0.887719622,-1384
0.874914713,-1383
0.809537192,-1382
0.760817409,-1381
0.80878289,-1380
0.892532855,-1379
0.935345807,-1378
0.951125863,-1377
0.947327714,-1376
0.914277225,-1375
0.858736476,-1374
0.837541709,-1373
0.833479974,-1372
0.834953527,-1371
0.851679966,-1370
0.920845822,-1369
0.958900222,-1368
0.948872771,-1367
0.903013167,-1366
0.8076949,-1365
0.781277503,-1364
0.833433707,-1363
0.844846381,-1362
0.792035421,-1361
0.726057823,-1360
0.771467369,-1359
0.824366659,-1358
0.79328745,-1357
0.759478453,-1356
0.730531759,-1355
0.717161825,-1354
0.735922636,-1353
0.730104135,-1352
0.744060125,-1351
0.799100343,-1350
0.847280337,-1349
0.885052926,-1348
0.960769153,-1347
1.040451775,-1346
1.077280785,-1345
1.095504611,-1344
1.106814936,-1343
1.113257349,-1342
1.131078787,-1341
1.164655045,-1340
1.216383624,-1339
1.248128806,-1338
1.247876437,-1337
1.24494896,-1336
1.279404302,-1335
1.284380172,-1334
1.22545628,-1333
1.1561376,-1332
1.097649745,-1331
1.062838283,-1330
1.111525819,-1329
1.189555426,-1328
1.200039945,-1327
1.141099228,-1326
1.08871449,-1325
1.084260182,-1324
1.097916134,-1323
1.098841486,-1322
1.125082226,-1321
1.177542675,-1320
1.195407576,-1319
1.161382664,-1318
1.146612083,-1317
1.161414911,-1316
1.161218624,-1315
1.167132464,-1314
1.19633433,-1313
1.245201329,-1312
1.223998149,-1311
1.135812103,-1310
1.064578225,-1309
1.013476362,-1308
0.948860153,-1307
0.887817766,-1306
0.899840331,-1305
0.989483106,-1304
1.083557756,-1303
1.098247018,-1302
1.051370929,-1301
1.020485202,-1300
1.045112184,-1299
1.083449798,-1298
1.10963726,-1297
1.107818803,-1296
1.082570714,-1295
1.062867726,-1294
1.039544649,-1293
1.024429165,-1292
1.022854664,-1291
1.035446462,-1290
1.049696883,-1289
1.055843463,-1288
1.073590593,-1287
1.077465855,-1286
1.071605292,-1285
1.052956645,-1284
1.033793447,-1283
1.009540812,-1282
0.999115179,-1281
1.006578283,-1280
1.021836777,-1279
1.047582593,-1278
1.061308648,-1277
1.071624921,-1276
1.070372892,-1275
1.052102798,-1274
1.06263078,-1273
1.059247637,-1272
1.022241969,-1271
1.008894467,-1270
1.077045241,-1269
1.174741382,-1268
1.193360586,-1267
1.150680827,-1266
1.108016492,-1265
1.037222857,-1264
0.980794611,-1263
0.975336437,-1262
0.972728626,-1261
0.988177799,-1260
1.016601528,-1259
1.004117688,-1258
0.964177533,-1257
0.936558579,-1256
0.930566224,-1255
0.965945516,-1254
0.978474221,-1253
0.873772044,-1252
0.678131599,-1251
0.566923917,-1250
0.595005546,-1249
0.668321466,-1248
0.7148863,-1247
0.716202824,-1246
0.671769103,-1245
0.629201509,-1244
0.641899862,-1243
0.646115822,-1242
0.625809953,-1241
0.604190366,-1240
0.574443103,-1239
0.577889338,-1238
0.589074881,-1237
0.618063635,-1236
0.676491202,-1235
0.72506377,-1234
0.757683831,-1233
0.753779125,-1232
0.703992383,-1231
0.651909086,-1230
0.627540081,-1229
0.616714865,-1228
0.598241474,-1227
0.585163165,-1226
0.569425171,-1225
0.560921747,-1224
0.589105726,-1223
0.612010992,-1222
0.59402271,-1221
0.541106596,-1220
0.484238107,-1219
0.467870593,-1218
0.471745855,-1217
0.480662883,-1216
0.503106875,-1215
0.505587099,-1214
0.45362578,-1213
0.359165567,-1212
0.275602074,-1211
0.237443923,-1210
-0.221710134,-1209
-0.200457883,-1208
-0.2079981,-1207
-0.235645094,-1206
0.258586814,-1205
0.279777375,-1204
0.285730473,-1203
0.27933573,-1202
0.272091345,-1201
0.281343463,-1200
0.301879267,-1199
0.321527575,-1198
0.33747167,-1197
0.351363167,-1196
0.364970047,-1195
0.391175736,-1194
0.451766664,-1193
0.536458805,-1192
0.599172434,-1191
0.62228941,-1190
0.612874654,-1189
0.630519434,-1188
0.661138771,-1187
0.664887849,-1186
0.661933733,-1185
0.693136322,-1184
0.747720874,-1183
0.795634479,-1182
0.805875041,-1181
0.799519556,-1180
0.816766154,-1179
0.858781341,-1178
0.892917016,-1177
0.910406169,-1176
0.906005139,-1175
0.919419939,-1174
0.920464465,-1173
0.906812719,-1172
0.901616727,-1171
0.886541901,-1170
0.895969276,-1169
0.942476626,-1168
1.021016579,-1167
1.100592645,-1166
1.150931794,-1165
1.16868313,-1164
1.151981928,-1163
1.130009024,-1162
1.100563202,-1161
1.09032965,-1160
1.111208956,-1159
1.119837163,-1158
1.125864569,-1157
1.133008006,-1156
1.124923795,-1155
1.11590021,-1154
1.116183424,-1153
1.133812782,-1152
1.136806156,-1151
1.123514736,-1150
1.140058908,-1149
1.200661052,-1148
1.25800764,-1147
1.251080118,-1146
1.219179309,-1145
1.196152064,-1144
1.185542763,-1143
1.171375063,-1142
1.141557698,-1141
1.109648476,-1140
1.077803749,-1139
1.042285654,-1138
0.994575346,-1137
0.940930167,-1136
0.910329056,-1135
0.892884769,-1134
0.844221068,-1133
0.752965937,-1132
0.68110254,-1131
0.64519748,-1130
0.586737666,-1129
0.575424537,-1128
0.655445052,-1127
0.691152423,-1126
0.628597226,-1125
0.569154576,-1124
0.555655653,-1123
0.549272126,-1122
0.572452194,-1121
0.62582117,-1120
0.702025309,-1119
0.772202043,-1118
0.786369743,-1117
0.779478674,-1116
0.784084404,-1115
0.809218927,-1114
0.837184186,-1113
0.825800955,-1112
0.812499721,-1111
0.817434931,-1110
0.822004207,-1109
0.832603694,-1108
0.866355207,-1107
0.895544455,-1106
0.881244962,-1105
0.859766981,-1104
0.857020368,-1103
0.82202664,-1102
0.744423256,-1101
0.699765207,-1100
0.743434812,-1099
0.814204611,-1098
0.865024663,-1097
0.910650125,-1096
0.940065103,-1095
0.937283438,-1094
0.917266392,-1093
0.890051229,-1092
0.82533267,-1091
0.76801132,-1090
0.76716308,-1089
0.786180466,-1088
0.786409,-1087
0.788896234,-1086
0.783412822,-1085
0.785747233,-1084
0.768466986,-1083
0.65137771,-1082
0.527907711,-1081
0.469417052,-1080
0.436761941,-1079
0.421025348,-1078
0.399091702,-1077
0.37412963,-1076
0.380245366,-1075
0.408413922,-1074
0.393599878,-1073
0.318374368,-1072
0.274085058,-1071
-0.28733021,-1070
-0.329836114,-1069
-0.420906174,-1068
-0.561530236,-1067
-0.65971429,-1066
-0.672812227,-1065
-0.693047993,-1064
-0.788632649,-1063
-0.910640311,-1062
-1.011582194,-1061
-1.105292312,-1060
-1.196610534,-1059
-1.271199514,-1058
-1.311860322,-1057
-1.324618964,-1056
-1.276500659,-1055
-1.15594552,-1054
-1.124204544,-1053
-1.225792771,-1052
-1.306957359,-1051
-1.290500113,-1050
-1.238129396,-1049
-1.220191588,-1048
-1.214035193,-1047
-1.195833799,-1046
-1.158706153,-1045
-1.054030615,-1044
-0.943347298,-1043
-0.963061502,-1042
-1.093003356,-1041
-1.200527858,-1040
-1.212094758,-1039
-1.180349576,-1038
-1.157189137,-1037
-1.098475552,-1036
-1.03135248,-1035
-1.019308884,-1034
-1.027917461,-1033
-1.037926686,-1032
-1.050915263,-1031
-1.067884256,-1030
-1.056642631,-1029
-1.028769907,-1028
-1.044238708,-1027
-1.112671293,-1026
-1.182885881,-1025
-1.201209253,-1024
-1.176293449,-1023
-1.134410055,-1022
-1.126066464,-1021
-1.18306955,-1020
-1.243068813,-1019
-1.23252681,-1018
-1.172911708,-1017
-1.122526292,-1016
-1.101257216,-1015
-1.119245498,-1014
-1.128501822,-1013
-1.106284962,-1012
-1.075338948,-1011
-1.026069561,-1010
-0.98033474,-1009
-0.926926506,-1008
-0.869557486,-1007
-0.842492342,-1006
-0.830043553,-1005
-0.83855539,-1004
-0.861799952,-1003
-0.881672587,-1002
-0.899289326,-1001
-0.894136798,-1000
-0.846455933,-999
-0.772317011,-998
-0.695692256,-997
-0.632601476,-996
-0.557999878,-995
-0.461792712,-994
-0.395058008,-993
-0.350018602,-992
-0.309966283,-991
-0.298346105,-990
-0.304428191,-989
-0.30253823,-988
0.339037759,-987
0.436299265,-986
0.549818925,-985
0.639659388,-984
0.683972533,-983
0.713083266,-982
0.744664408,-981
0.792408366,-980
0.863761418,-979
0.921548248,-978
0.950180883,-977
0.95196569,-976
0.948665268,-975
0.961569723,-974
0.970713883,-973
0.969552987,-972
0.981980744,-971
0.990855711,-970
0.985190033,-969
0.981247473,-968
0.975932307,-967
0.928885168,-966
0.879377434,-965
0.90766236,-964
0.941326946,-963
0.932788471,-962
0.892087003,-961
0.824940097,-960
0.793204729,-959
0.806082545,-958
0.823909591,-957
0.818333644,-956
0.783223546,-955
0.747809203,-954
0.742097257,-953
0.803750938,-952
0.886275512,-951
0.903541739,-950
0.854597629,-949
0.828902286,-948
0.856345983,-947
0.87376924,-946
0.872043318,-945
0.857806918,-944
0.836547656,-943
0.800575298,-942
0.808216462,-941
0.868986852,-940
0.832299449,-939
0.721858687,-938
0.653622389,-937
0.629587072,-936
0.629277219,-935
0.632672981,-934
0.674849404,-933
0.717537574,-932
0.720104725,-931
0.728770787,-930
0.725254449,-929
0.657748618,-928
0.569840177,-927
0.528209152,-926
0.538372601,-925
0.570737489,-924
0.583857858,-923
0.557933982,-922
0.568414294,-921
0.634222244,-920
0.669115025,-919
0.672819237,-918
0.721087561,-917
0.775662298,-916
0.716495852,-915
0.570194896,-914
0.531996085,-913
0.576216694,-912
0.647275316,-911
0.750820803,-910
0.74864903,-909
0.690117712,-908
0.670183386,-907
0.755528882,-906
0.903728212,-905
1.056307541,-904
1.145289951,-903
1.150042895,-902
1.104108983,-901
1.020675881,-900
1.092206993,-899
1.258754931,-898
1.30895668,-897
1.276380083,-896
1.215986844,-895
1.168353649,-894
1.143795367,-893
1.139743447,-892
1.136677167,-891
1.107900122,-890
1.084417212,-889
1.097243151,-888
1.082751578,-887
1.012462681,-886
0.831016575,-885
0.591930854,-884
0.54763874,-883
0.642286827,-882
0.730555594,-881
0.765688125,-880
0.694527154,-879
0.599856634,-878
0.575281528,-877
0.583190483,-876
0.584835086,-875
0.632339293,-874
0.681967604,-873
0.700334439,-872
0.678971426,-871
0.649089567,-870
0.635817775,-869
0.658544982,-868
0.709788452,-867
0.747045087,-866
0.705655213,-865
0.648328254,-864
0.644768453,-863
0.659857299,-862
0.675584077,-861
0.73568569,-860
0.80143195,-859
0.820215193,-858
0.845667982,-857
0.866896398,-856
0.917487916,-855
0.989568631,-854
0.969300618,-853
0.826657606,-852
0.814064407,-851
0.987437517,-850
1.066214416,-849
1.058198905,-848
1.039244611,-847
1.021078269,-846
1.008911292,-845
1.012144416,-844
1.003648002,-843
0.988444188,-842
0.97405216,-841
0.918344567,-840
0.91649807,-839
1.023680471,-838
1.083616642,-837
1.065914378,-836
1.01938179,-835
1.052013067,-834
1.05215187,-833
0.998874027,-832
0.994257081,-831
0.978017153,-830
0.950235562,-829
0.901168071,-828
0.910549178,-827
0.937824629,-826
0.920102736,-825
0.864493287,-824
0.822570635,-823
0.827099251,-822
0.829244386,-821
0.830497817,-820
0.871545591,-819
0.889343194,-818
0.865115796,-817
0.863316968,-816
0.888768354,-815
0.90655334,-814
0.905151291,-813
0.84787761,-812
0.837320185,-811
0.90482181,-810
0.951374026,-809
0.945325589,-808
0.92332885,-807
0.863562327,-806
0.813676039,-805
0.798993787,-804
0.779210883,-803
0.716819725,-802
0.579946143,-801
0.487872216,-800
0.461966566,-799
0.470523268,-798
0.481348485,-797
0.485798587,-796
0.500890237,-795
0.504078495,-794
0.499806453,-793
0.483368837,-792
0.472236572,-791
0.496053169,-790
0.535979304,-789
0.52353332,-788
0.477132525,-787
0.433848484,-786
0.393599878,-785
0.391231818,-784
0.372716365,-783
0.306970105,-782
0.240660222,-781
0.211256461,-780
-0.251964939,-779
-0.36538926,-778
-0.482383197,-777
-0.550055871,-776
-0.622648334,-775
-0.72755521,-774
-0.808987589,-773
-0.894508341,-772
-1.020691303,-771
-1.144757173,-770
-1.231852425,-769
-1.31261883,-768
-1.384626639,-767
-1.416755982,-766
-1.431477492,-765
-1.481867114,-764
-1.515039582,-763
-1.483605655,-762
-1.474253991,-761
-1.527489772,-760
-1.598966205,-759
-1.628184895,-758
-1.576140855,-757
-1.49473792,-756
-1.451919359,-755
-1.450040614,-754
-1.416251245,-753
-1.37226618,-752
-1.417695355,-751
-1.511702706,-750
-1.546739898,-749
-1.493756486,-748
-1.402651375,-747
-1.327449699,-746
-1.344870152,-745
-1.423738184,-744
-1.447713213,-743
-1.397445568,-742
-1.353749325,-741
-1.357025912,-740
-1.396120633,-739
-1.433804892,-738
-1.458831458,-737
-1.518025945,-736
-1.539869861,-735
-1.497584078,-734
-1.465056553,-733
-1.451765133,-732
-1.437338054,-731
-1.436272497,-730
-1.47827787,-729
-1.512922489,-728
-1.482638241,-727
-1.408988634,-726
-1.344652834,-725
-1.306763876,-724
-1.270766281,-723
-1.241816784,-722
-1.285403667,-721
-1.322148554,-720
-1.299125516,-719
-1.290523948,-718
-1.269211409,-717
-1.24453816,-716
-1.216732734,-715
-1.137481943,-714
-1.052801018,-713
-1.043837722,-712
-1.075999312,-711
-1.09321086,-710
-1.04619737,-709
-1.017257687,-708
-1.057776888,-707
-1.097471685,-706
-1.100068279,-705
-1.091576071,-704
-1.116525524,-703
-1.135828928,-702
-1.132363064,-701
-1.106597619,-700
-1.055062522,-699
-1.028136181,-698
-1.034887044,-697
-1.052449104,-696
-1.077359299,-695
-1.106820544,-694
-1.161234046,-693
-1.243538499,-692
-1.332147964,-691
-1.382530577,-690
-1.324726921,-689
-1.251068902,-688
-1.210420712,-687
-1.173786587,-686
-1.180878148,-685
-1.206745943,-684
-1.129788903,-683
-0.972554772,-682
-0.901772354,-681
-0.918789017,-680
-0.889999353,-679
-0.875688644,-678
-0.978941103,-677
-1.11593386,-676
-1.180192546,-675
-1.222443278,-674
-1.221286588,-673
-1.247816149,-672
-1.322051813,-671
-1.400409499,-670
-1.49503235,-669
-1.528190797,-668
-1.54359931,-667
-1.512600017,-666
-1.431828004,-665
-1.430888631,-664
-1.502098674,-663
-1.636597186,-662
-1.738610235,-661
-1.726510556,-660
-1.689580599,-659
-1.645598337,-658
-1.627413769,-657
-1.645135661,-656
-1.641672602,-655
-1.63267145,-654
-1.596456538,-653
-1.564489832,-652
-1.511632604,-651
-1.45196142,-650
-1.513301042,-649
-1.598994246,-648
-1.617823757,-647
-1.611234129,-646
-1.598854041,-645
-1.574654684,-644
-1.52425104,-643
-1.49822902,-642
-1.485288113,-641
-1.441614302,-640
-1.439959885,-639
-1.434674162,-638
-1.385940359,-637
-1.38095187,-636
-1.408638122,-635
-1.456237668,-634
-1.498579532,-633
-1.513385165,-632
-1.464944389,-631
-1.337496779,-630
-1.326051857,-629
-1.387903226,-628
-1.350821848,-627
-1.250008953,-626
-1.234695779,-625
-1.246840323,-624
-1.20620335,-623
-1.138530675,-622
-1.123098327,-621
-1.105436723,-620
-1.042819835,-619
-0.969581028,-618
-0.967777993,-617
-1.02023704,-616
-1.110953783,-615
-1.201373293,-614
-1.234732233,-613
-1.174868968,-612
-1.133688,-611
-1.16862845,-610
-1.214166985,-609
-1.23349142,-608
-1.216432696,-607
-1.22680505,-606
-1.269826908,-605
-1.322353253,-604
-1.347954659,-603
-1.30081218,-602
-1.218251153,-601
-1.188037007,-600
-1.164338182,-599
-1.108805845,-598
-0.990164502,-597
-0.882346972,-596
-0.940613304,-595
-1.067108923,-594
-1.096533715,-593
-1.060527707,-592
-1.069018513,-591
-1.116448411,-590
-1.101251608,-589
-1.066684102,-588
-1.050740007,-587
-1.074193474,-586
-1.127552635,-585
-1.152968971,-584
-1.166512759,-583
-1.170261837,-582
-1.175180223,-581
-1.196140848,-580
-1.22263676,-579
-1.240104882,-578
-1.21354027,-577
-1.155557152,-576
-1.140937992,-575
-1.126519326,-574
-1.124637777,-573
-1.167203969,-572
-1.218455852,-571
-1.239154294,-570
-1.222082951,-569
-1.209492556,-568
-1.182583039,-567
-1.098401243,-566
-1.053865173,-565
-1.04567721,-564
-1.025920944,-563
-0.998086076,-562
-0.972659926,-561
-0.922817102,-560
-0.887273771,-559
-0.932269713,-558
-0.962558167,-557
-0.947535217,-556
-0.954030908,-555
-0.968314978,-554
-0.954637995,-553
-0.938468169,-552
-0.944701677,-551
-0.931506999,-550
-0.890734026,-549
-0.843856535,-548
-0.753117359,-547
-0.755842941,-546
-0.840446753,-545
-0.916778479,-544
-0.930689604,-543
-0.942768252,-542
-0.93824244,-541
-0.895352374,-540
-0.825878067,-539
-0.780203533,-538
-0.774571505,-537
-0.766536365,-536
-0.75824465,-535
-0.743002981,-534
-0.722600371,-533
-0.727060287,-532
-0.728193143,-531
-0.717597862,-530
-0.733107323,-529
-0.772661915,-528
-0.804630022,-527
-0.786099147,-526
-0.772380103,-525
-0.812606276,-524
-0.870527704,-523
-0.929753036,-522
-0.954053341,-521
-0.970134837,-520
-0.992699405,-519
-1.043522261,-518
-1.091001231,-517
-1.134236201,-516
-1.180631387,-515
-1.182294217,-514
-1.159681979,-513
-1.078493557,-512
-0.99930726,-511
-1.028845617,-510
-1.110627106,-509
-1.124829857,-508
-1.042737114,-507
-0.946015397,-506
-0.94397121,-505
-0.995130557,-504
-1.037571967,-503
-0.995830179,-502
-0.971535483,-501
-0.97561264,-500
-0.973377775,-499
-1.024495061,-498
-1.069373231,-497
-1.068154851,-496
-1.052226178,-495
-1.056773021,-494
-1.06419827,-493
-1.02717718,-492
-0.960089159,-491
-0.931966871,-490
-0.980906775,-489
-1.063697739,-488
-1.05593039,-487
-1.027161757,-486
-1.056442138,-485
-1.130862872,-484
-1.228106151,-483
-1.309197832,-482
-1.360037513,-481
-1.386325922,-480
-1.425911359,-479
-1.448652586,-478
-1.413096636,-477
-1.384349033,-476
-1.410727174,-475
-1.376156864,-474
-1.298222597,-473
-1.27599452,-472
-1.289511669,-471
-1.303739657,-470
-1.339726036,-469
-1.39597482,-468
-1.41407807,-467
-1.447727234,-466
-1.477801174,-465
-1.409703678,-464
-1.335919474,-463
-1.268633765,-462
-1.223804667,-461
-1.216286883,-460
-1.263477031,-459
-1.294487539,-458
-1.28247619,-457
-1.254923133,-456
-1.242876732,-455
-1.251984439,-454
-1.238973429,-453
-1.204404522,-452
-1.191190215,-451
-1.185593237,-450
-1.168677522,-449
-1.194051796,-448
-1.244972795,-447
-1.261296845,-446
-1.251045067,-445
-1.269754002,-444
-1.277463867,-443
-1.268429066,-442
-1.281067131,-441
-1.334183738,-440
-1.384288745,-439
-1.417428966,-438
-1.434491896,-437
-1.443521088,-436
-1.453279346,-435
-1.440871216,-434
-1.421747275,-433
-1.358206437,-432
-1.320449271,-431
-1.378916096,-430
-1.415185688,-429
-1.425490744,-428
-1.445231587,-427
-1.449619999,-426
-1.40743236,-425
-1.384180788,-424
-1.41985451,-423
-1.468393428,-422
-1.462392661,-421
-1.428575251,-420
-1.374301954,-419
-1.297018237,-418
-1.230105473,-417
-1.240647475,-416
-1.267875257,-415
-1.194463998,-414
-1.167857324,-413
-1.20304173,-412
-1.204719983,-411
-1.172517733,-410
-1.085698684,-409
-1.016654806,-408
-1.009166465,-407
-1.035138011,-406
-1.068522188,-405
-1.012133199,-404
-0.958839934,-403
-0.936680558,-402
-0.935767824,-401
-1.002177253,-400
-1.058674199,-399
-1.058228348,-398
-1.068680619,-397
-1.13265469,-396
-1.17187279,-395
-1.137714683,-394
-1.062330742,-393
-1.02469976,-392
-1.023339773,-391
-1.092665463,-390
-1.180069166,-389
-1.190123256,-388
-1.153412018,-387
-1.119587598,-386
-1.119839967,-385
-1.190737353,-384
-1.233864365,-383
-1.240455395,-382
-1.223804667,-381
-1.19615627,-380
-1.210926851,-379
-1.325978951,-378
-1.405329287,-377
-1.398746669,-376
-1.388902887,-375
-1.37396406,-374
-1.345845978,-373
-1.379891921,-372
-1.477590866,-371
-1.545954751,-370
-1.549249565,-369
-1.517479146,-368
-1.446689718,-367
-1.432837479,-366
-1.481867114,-365
-1.497556037,-364
-1.480899701,-363
-1.469991764,-362
-1.476889842,-361
-1.503963399,-360
-1.558783495,-359
-1.598223119,-358
-1.585983236,-357
-1.467173646,-356
-1.380783624,-355
-1.417022372,-354
-1.409970068,-353
-1.407418339,-352
-1.48029682,-351
-1.58148266,-350
-1.4970513,-349
-1.373591115,-348
-1.355363083,-347
-1.360567487,-346
-1.359134593,-345
-1.338267906,-344
-1.335111894,-343
-1.298836694,-342
-1.255019874,-341
-1.25795997,-340
-1.251525969,-339
-1.242394428,-338
-1.260850994,-337
-1.257092102,-336
-1.236647431,-335
-1.188215068,-334
-1.110181255,-333
-1.061781139,-332
-1.107612702,-331
-1.163088957,-330
-1.193162897,-329
-1.207252082,-328
-1.169004199,-327
-1.133999254,-326
-1.140063114,-325
-1.164200781,-324
-1.111200544,-323
-1.070071451,-322
-1.06718884,-321
-1.075305298,-320
-1.062102208,-319
-1.024493659,-318
-0.958907232,-317
-0.938019514,-316
-0.973701648,-315
-1.035583862,-314
-1.078614133,-313
-1.085615963,-312
-1.054671351,-311
-1.063502854,-310
-1.094886308,-309
-1.091731699,-308
-1.063514071,-307
-1.048629924,-306
-1.081732289,-305
-1.069165728,-304
-1.023729542,-303
-1.004067214,-302
-1.02140074,-301
-0.967147071,-300
-0.91737435,-299
-0.901204525,-298
-0.902321957,-297
-0.891527586,-296
-0.853965305,-295
-0.799227929,-294
-0.827232446,-293
-0.885660013,-292
-0.855473909,-291
-0.839389609,-290
-0.906190209,-289
-0.977637198,-288
-0.967393832,-287
-0.937842856,-286
-0.924861289,-285
-0.943260371,-284
-0.968092052,-283
-0.995014187,-282
-1.035425431,-281
-1.057239904,-280
-1.060143546,-279
-1.041929534,-278
-1.003357778,-277
-1.001491651,-276
-1.021843787,-275
-0.971563524,-274
-0.913412161,-273
-0.891153239,-272
-0.87979945,-271
-0.908342353,-270
-0.941022702,-269
-0.940210916,-268
-0.928456141,-267
-0.920655143,-266
-0.946102324,-265
-1.010808264,-264
-1.075894159,-263
-1.111335141,-262
-1.135328396,-261
-1.15307833,-260
-1.184722565,-259
-1.181870798,-258
-1.150494355,-257
-1.145606814,-256
-1.124283058,-255
-1.124126029,-254
-1.240395106,-253
-1.312847364,-252
-1.282463571,-251
-1.242261233,-250
-1.188189831,-249
-1.178747034,-248
-1.212469105,-247
-1.2045952,-246
-1.161312561,-245
-1.10310091,-244
-1.017877392,-243
-0.970901757,-242
-1.075501585,-241
-1.199602506,-240
-1.235780965,-239
-1.278741133,-238
-1.305281911,-237
-1.279428136,-236
-1.248369958,-235
-1.269947485,-234
-1.30925812,-233
-1.339388142,-232
-1.382939975,-231
-1.389699251,-230
-1.313377339,-229
-1.278620557,-228
-1.305740381,-227
-1.325148938,-226
-1.352278576,-225
-1.306800329,-224
-1.182065683,-223
-1.11188895,-222
-1.116969973,-221
-1.069685888,-220
-1.037757038,-219
-1.100952971,-218
-1.160080161,-217
-1.065802214,-216
-1.015687392,-215
-1.109318995,-214
-1.137933403,-213
-1.067486074,-212
-1.02441234,-211
-1.061368936,-210
-1.044498087,-209
-1.000126056,-208
-0.971332186,-207
-1.032994279,-206
-1.048687408,-205
-1.089208011,-204
-1.188871226,-203
-1.180921611,-202
-1.116946139,-201
-1.140458492,-200
-1.0909115,-199
-0.943421607,-198
-0.785030786,-197
-0.671603661,-196
-0.61356306,-195
-0.582890445,-194
-0.532869561,-193
-0.552259891,-192
-0.523742225,-191
-0.471876245,-190
-0.46057293,-189
-0.479204753,-188
-0.527083307,-187
-0.561308712,-186
-0.638223691,-185
-0.708128427,-184
-0.750119779,-183
-0.734852873,-182
-0.803342942,-181
-0.926024989,-180
-0.96987686,-179
-1.012151426,-178
-1.042218356,-177
-1.09321787,-176
-1.130555823,-175
-1.145815719,-174
-1.236587143,-173
-1.313691398,-172
-1.304125221,-171
-1.281909762,-170
-1.335641869,-169
-1.280175428,-168
-1.160458714,-167
-1.193575099,-166
-1.25610506,-165
-1.301511802,-164
-1.368711987,-163
-1.410937481,-162
-1.326196268,-161
-1.229708693,-160
-1.247213268,-159
-1.30046307,-158
-1.274031652,-157
-1.269066998,-156
-1.259188164,-155
-1.244117545,-154
-1.241550394,-153
-1.261742697,-152
-1.220805685,-151
-1.224659916,-150
-1.308763197,-149
-1.370146282,-148
-1.367736161,-147
-1.321896185,-146
-1.363507583,-145
-1.379036672,-144
-1.347653218,-143
-1.315774842,-142
-1.307522384,-141
-1.319859009,-140
-1.334220192,-139
-1.280729238,-138
-1.25976721,-137
-1.227576177,-136
-1.165935115,-135
-1.094905936,-134
-1.057967567,-133
-1.123035235,-132
-1.153442863,-131
-1.072345574,-130
-1.045429047,-129
-1.052941223,-128
-1.031555777,-127
-1.01289311,-126
-1.038979624,-125
-1.01121626,-124
-0.891952407,-123
-0.803969657,-122
-0.780859692,-121
-0.814897223,-120
-0.950000018,-119
-0.983461308,-118
-0.932777255,-117
-0.917978633,-116
-0.879936851,-115
-0.89875795,-114
-0.941343771,-113
-0.945496639,-112
-0.921908575,-111
-0.882756371,-110
-0.864734439,-109
-0.896479621,-108
-0.891137816,-107
-0.815556186,-106
-0.77315123,-105
-0.812705822,-104
-0.847232668,-103
-0.897489096,-102
-0.9298652,-101
-0.944982087,-100
-0.936729629,-99
-0.91812725,-98
-0.882703093,-97
-0.901412028,-96
-0.920984625,-95
-0.936130955,-94
-0.974425105,-93
-1.026232199,-92
-1.047373688,-91
-1.084405995,-90
-1.155502472,-89
-1.209890737,-88
-1.26166979,-87
-1.294186099,-86
-1.262731141,-85
-1.20515602,-84
-1.254477282,-83
-1.275283681,-82
-1.340822438,-81
-1.356423032,-80
-1.367796449,-79
-1.285524243,-78
-1.24499663,-77
-1.25414079,-76
-1.236250651,-75
-1.225419826,-74
-1.198682762,-73
-1.191000938,-72
-1.191068236,-71
-1.187519652,-70
-1.194912653,-69
-1.152443202,-68
-1.10789872,-67
-1.052680442,-66
-0.967006867,-65
-0.953764519,-64
-0.9739428,-63
-0.98283319,-62
-1.006775972,-61
-1.066829915,-60
-1.166480512,-59
-1.18788839,-58
-1.180247226,-57
-1.216805641,-56
-1.21811936,-55
-1.296439191,-54
-1.344605165,-53
-1.349676374,-52
-1.352773499,-51
-1.357267065,-50
-1.281067131,-49
-1.253707557,-48
-1.301872129,-47
-1.17162603,-46
-0.976059894,-45
-0.878625936,-44
-0.811923479,-43
-0.758801263,-42
-0.654931903,-41
-0.677765664,-40
-0.798546534,-39
-0.821928497,-38
-0.842427848,-37
-0.841122541,-36
-0.814015335,-35
-0.873595386,-34
-0.945570947,-33
-0.977574106,-32
-0.988950328,-31
-1.006904961,-30
-1.002512343,-29
-0.97300483,-28
-0.973646968,-27
-1.035285226,-26
-0.970744728,-25
-1.054210077,-24
-1.129644492,-23
-1.079976924,-22
-0.916371885,-21
-0.863204804,-20
-1.016581899,-19
-1.20428675,-18
-1.244550778,-17
-1.237418557,-16
-1.2246487,-15
-1.259453152,-14
-1.275742151,-13
-1.253851968,-12
-1.25826141,-11
-1.314389618,-10
-1.422378197,-9
-1.365700386,-8
-1.379409617,-7
-1.416812064,-6
-1.426317953,-5
-1.521573128,-4
-1.721547304,-3
-1.79832348,-2
-1.600634642,-1
